id,name_ru,name_eng,brand,description,year_in,year_out,year_return,status,is_leave,comment,createdAt,updatedAt,publishedAt,segment,rage,country,country_root,links_text,images_text,peoples_text
1,Atlassian,Atlassian,JIRA,разработчик программного обеспечения для управления разработкой программного обеспечения,2022-03-01,2022-03-02,2022-03-05,0,true,"приостанавливает продажи, блокирует госаккануты",2022-03-06T12:28:01.934Z,2022-03-07T14:41:04.706Z,2022-03-06T12:28:24.779Z,1,79,,,https://blog.developer.atlassian.com/atlassian-stands-with-ukraine/,картинка,
6,,,Panasonic,,2022-03-04,2022-03-04,2022-03-04,0,true,,2022-03-06T18:31:49.033Z,2022-03-07T15:21:44.421Z,2022-03-06T21:31:48.926Z,0,0,,,,,
7,,,Poster,"Облачная система автоматизации для кафе, баров, ресторанов и магазинов на планшете.",2022-02-28,2022-02-28,2022-02-28,3,true,просто все отрубили 28го вечером,2022-03-06T18:37:06.297Z,2022-03-06T18:37:06.297Z,2022-03-06T21:37:06.196Z,0,0,,,,,
8,,,Panasonic,,2022-03-04,2022-03-04,2022-03-04,0,true,,2022-03-06T19:14:05.741Z,2022-03-06T19:14:05.741Z,2022-03-06T22:14:05.658Z,0,0,,,,,
9,,,Poster,"Облачная система автоматизации для кафе, баров, ресторанов и магазинов на планшете.",2022-02-28,2022-02-28,2022-02-28,3,true,просто все отрубили 28го вечером,2022-03-06T19:14:05.772Z,2022-03-06T19:14:05.772Z,2022-03-06T22:14:05.757Z,0,0,,,,,
10,,,Apple,,2022-03-01,2022-03-01,2022-03-01,2,true," ограничила использование Apple Pay для клиентов банков из санкционного списка",2022-03-06T19:14:05.801Z,2022-03-06T19:14:05.801Z,2022-03-06T22:14:05.786Z,0,0,,,,,
11,,,Adobe,,2022-03-04,2022-03-04,2022-03-04,1,true,,2022-03-06T19:14:05.830Z,2022-03-06T19:14:05.830Z,2022-03-06T22:14:05.815Z,0,0,,,,,
12,,,Nokia,,2022-03-01,2022-03-01,2022-03-01,1,true,,2022-03-06T19:14:05.858Z,2022-03-06T19:14:05.858Z,2022-03-06T22:14:05.843Z,0,0,,,,,
13,,,Ericsson,,2022-02-28,2022-02-28,2022-02-28,1,true,,2022-03-06T19:14:05.889Z,2022-03-06T19:14:05.889Z,2022-03-06T22:14:05.872Z,0,0,,,,,
14,Hp,Hp,Hewlett Packard Enterprise,,2022-03-02,2022-03-02,2022-03-02,1,true,,2022-03-06T19:14:05.918Z,2022-03-06T19:14:05.918Z,2022-03-06T22:14:05.903Z,0,0,,,,,
15,,,Mikrotik,,2022-03-06,2022-03-06,2022-03-06,1,true,,2022-03-06T19:14:05.948Z,2022-03-06T19:14:05.948Z,2022-03-06T22:14:05.933Z,0,0,,,,,
16,,,Oracle,,2022-03-02,2022-03-02,2022-03-02,2,true,Компания также отменила лицензии на Creative Cloud и другие облачные продукты государственных СМИ.,2022-03-06T19:14:05.981Z,2022-03-06T19:14:05.981Z,2022-03-06T22:14:05.966Z,0,0,,,,,
17,,,Sap,,2022-03-06,2022-03-06,2022-03-06,1,true,,2022-03-06T19:14:06.014Z,2022-03-06T19:14:06.014Z,2022-03-06T22:14:05.996Z,0,0,,,,,
18,Microsoft Office,Microsoft Office,Microsoft,,2022-03-04,2022-03-04,2022-03-04,3,true,отключил поддержку русского,2022-03-06T19:14:06.045Z,2022-03-06T19:14:06.045Z,2022-03-06T22:14:06.029Z,0,0,,,,,
19,,,Microsoft,,2022-03-04,2022-03-04,2022-03-04,1,true,,2022-03-06T19:14:06.075Z,2022-03-06T19:14:06.075Z,2022-03-06T22:14:06.059Z,0,0,,,,,
20,Jira,Jira,Atlassian,разработчик программного обеспечения для управления разработкой программного обеспечения,2022-03-02,2022-03-02,2022-03-02,3,true,"приостанавливает продажи, блокирует госаккануты",2022-03-06T19:14:06.105Z,2022-03-06T19:14:06.105Z,2022-03-06T22:14:06.089Z,0,0,,,,,
21,,,Canon,,2022-03-02,2022-03-02,2022-03-02,1,true,,2022-03-06T19:14:06.138Z,2022-03-06T19:14:06.138Z,2022-03-06T22:14:06.121Z,0,0,,,,,
22,Cisco,Cisco,Cisco Systems Inc,,2022-03-06,2022-03-06,2022-03-06,3,true,,2022-03-06T19:14:06.171Z,2022-03-06T19:14:06.171Z,2022-03-06T22:14:06.153Z,0,0,,,,,
23,Autocad И 3Ds Max,Autocad И 3Ds Max,Autodesk,,2022-03-04,2022-03-04,2022-03-04,1,true,,2022-03-06T19:14:06.204Z,2022-03-06T19:14:06.204Z,2022-03-06T22:14:06.187Z,0,0,,,,,
24,Veeam,Veeam,Insight Partners,ПО для резервного копирования виртуальных машин и мониторинга виртуальных сред на базе платформ VMware и Hyper-V,2022-03-04,2022-03-04,2022-03-04,1,true,,2022-03-06T19:14:06.235Z,2022-03-06T19:14:06.235Z,2022-03-06T22:14:06.218Z,0,0,,,,,
25,,,Matlab,,2022-03-06,2022-03-06,2022-03-06,3,true,,2022-03-06T19:14:06.265Z,2022-03-06T19:14:06.265Z,2022-03-06T22:14:06.249Z,0,0,,,,,
26,,,Tsmc,крупнейший производитель микроэлектроники,2022-02-25,2022-02-25,2022-02-25,1,true,,2022-03-06T19:14:06.297Z,2022-03-06T19:14:06.297Z,2022-03-06T22:14:06.281Z,0,0,,,,,
27,,,Intel,,2022-03-03,2022-03-03,2022-03-03,1,true,,2022-03-06T19:14:06.329Z,2022-03-06T19:14:06.329Z,2022-03-06T22:14:06.313Z,0,0,,,,,
28,,,Amd,,2022-03-04,2022-03-04,2022-03-04,1,true,,2022-03-06T19:14:06.363Z,2022-03-06T19:14:06.363Z,2022-03-06T22:14:06.346Z,0,0,,,,,
29,,,Dell,,2022-02-26,2022-02-26,2022-02-26,1,true,,2022-03-06T19:14:06.396Z,2022-03-06T19:14:06.396Z,2022-03-06T22:14:06.378Z,0,0,,,,,
30,,,Shutterstock,,2022-02-24,2022-02-24,2022-02-24,3,true,,2022-03-06T19:14:06.426Z,2022-03-06T19:14:06.426Z,2022-03-06T22:14:06.411Z,0,0,,,,,
31,Биржа Фриланса,Биржа Фриланса,Freelancehunt,,2022-03-02,2022-03-02,2022-03-02,3,true,,2022-03-06T19:14:06.457Z,2022-03-06T19:14:06.457Z,2022-03-06T22:14:06.441Z,0,0,,,,,
32,"Seo-Платформа ","Seo-Платформа ",Serpstat,,2022-03-02,2022-03-02,2022-03-02,3,true,,2022-03-06T19:14:06.487Z,2022-03-06T19:14:06.487Z,2022-03-06T22:14:06.471Z,0,0,,,,,
33,Namecheap,Namecheap,Namecheap,Американский регистратор доменных име,2022-03-01,2022-03-01,2022-03-01,3,true,,2022-03-06T19:14:06.516Z,2022-03-06T19:14:06.516Z,2022-03-06T22:14:06.500Z,0,0,,,,,
34,Oneweb,Oneweb,Airbus Defence And Space,спутниковый интернет,2022-03-03,2022-03-03,2022-03-03,1,true,,2022-03-06T19:14:06.546Z,2022-03-06T19:14:06.546Z,2022-03-06T22:14:06.531Z,0,0,,,,,
35,Serpstat,Serpstat,Serpstat,,2022-03-06,2022-03-06,2022-03-06,3,true,украли деньги со счетов,2022-03-06T19:14:06.576Z,2022-03-06T19:14:06.576Z,2022-03-06T22:14:06.562Z,0,0,,,,,
36,,,Epam Systems Inc,,2022-03-04,2022-03-04,2022-03-04,1,true,,2022-03-06T19:14:06.607Z,2022-03-06T19:14:06.607Z,2022-03-06T22:14:06.591Z,0,0,,,,,
37,,,Crocoblock,,2022-03-03,2022-03-03,2022-03-03,3,true,"Удалили все лицензии, зарегистрированные на email в зоне *.RU. Например, оплаченные lifetime за ~600$",2022-03-06T19:14:06.636Z,2022-03-06T19:14:06.636Z,2022-03-06T22:14:06.621Z,0,0,,,,,
38,,,Gsmserver,,2022-02-24,2022-02-24,2022-02-24,1,true,,2022-03-06T19:14:06.666Z,2022-03-06T19:14:06.666Z,2022-03-06T22:14:06.651Z,0,0,,,,,
39,,,Letyshops,сервис кэшбека,2022-03-01,2022-03-01,2022-03-01,3,true,,2022-03-06T19:14:06.696Z,2022-03-06T19:14:06.696Z,2022-03-06T22:14:06.680Z,0,0,,,,,
40,,,Wix,платформа для создания сайта,2022-03-04,2022-03-04,2022-03-04,2,true,не проходят платежи,2022-03-06T19:14:06.726Z,2022-03-06T19:14:06.726Z,2022-03-06T22:14:06.710Z,0,0,,,,,
41,,,Ahrefs,seo платформа,2022-03-03,2022-03-03,2022-03-03,3,true,закрыли доступ пользователям рф и рб,2022-03-06T19:14:06.757Z,2022-03-06T19:14:06.757Z,2022-03-06T22:14:06.741Z,0,0,,,,,
42,,,Рreply,,2022-03-04,2022-03-04,2022-03-04,3,true,,2022-03-06T19:14:06.787Z,2022-03-06T19:14:06.787Z,2022-03-06T22:14:06.772Z,0,0,,,,,
43,,,Imageshack,,2022-03-01,2022-03-01,2022-03-01,3,true,подменяет свои картинки для России,2022-03-06T19:14:06.834Z,2022-03-06T19:14:06.834Z,2022-03-06T22:14:06.801Z,0,0,,,,,
44,,,Hostpro.Ua,,2022-02-28,2022-02-28,2022-02-28,3,true,"Запретили использование для пользователей из РФ и РБ, кидалово на деньги",2022-03-06T19:14:06.891Z,2022-03-06T19:14:06.891Z,2022-03-06T22:14:06.867Z,0,0,,,,,
45,,,Onebox,аналог 1с,2022-02-28,2022-02-28,2022-02-28,3,true,Украли персональные дланный и кинули на деньги,2022-03-06T19:14:06.921Z,2022-03-06T19:14:06.921Z,2022-03-06T22:14:06.905Z,0,0,,,,,
46,,,Reаddle,"PDF Expert, Spark, Scanner Pro, Calendars, Documents",2022-03-06,2022-03-06,2022-03-06,3,true,,2022-03-06T19:14:06.950Z,2022-03-06T19:14:06.950Z,2022-03-06T22:14:06.935Z,0,0,,,,,
47,,,Https://Mymeest.Com/,посредник для отправки посылок,2022-03-03,2022-03-03,2022-03-03,3,true,,2022-03-06T19:14:06.979Z,2022-03-06T19:14:06.979Z,2022-03-06T22:14:06.964Z,0,0,,,,,
48,,,Ibm,поставщик железа и ПО,2022-03-05,2022-03-05,2022-03-05,1,true,,2022-03-06T19:14:07.008Z,2022-03-06T19:14:07.008Z,2022-03-06T22:14:06.994Z,0,0,,,,,
49,,,Https://Www.Ideastatica.Com/Ru,,2022-03-06,2022-03-06,2022-03-06,1,true,Запретили использование для пользователей из РФ и РБ,2022-03-06T19:14:07.038Z,2022-03-06T19:14:07.038Z,2022-03-06T22:14:07.023Z,0,0,,,,,
50,,,Idea Statica,по для проектирования,2022-03-06,2022-03-06,2022-03-06,1,true,,2022-03-06T19:14:07.068Z,2022-03-06T19:14:07.068Z,2022-03-06T22:14:07.053Z,0,0,,,,,
51,,,Ajax Systems,охранные системы,2022-03-06,2022-03-06,2022-03-06,1,true,,2022-03-06T19:14:07.098Z,2022-03-06T19:14:07.098Z,2022-03-06T22:14:07.083Z,0,0,,,,,
52,,,Dmarket,NFT платформа,2022-02-26,2022-02-26,2022-02-26,1,true,,2022-03-06T19:14:07.128Z,2022-03-06T19:14:07.128Z,2022-03-06T22:14:07.113Z,0,0,,,,,
53,,,Jablotron,охранные системы,2022-03-02,2022-03-02,2022-03-02,1,true,,2022-03-06T19:14:07.158Z,2022-03-06T19:14:07.158Z,2022-03-06T22:14:07.143Z,0,0,,,,,
54,,,Grammarly,нлайн-сервис на основе искусственного интеллекта для помощи в написании текстов на английском языке,2022-03-06,2022-03-06,2022-03-06,3,true,,2022-03-06T19:14:07.189Z,2022-03-06T19:14:07.189Z,2022-03-06T22:14:07.174Z,0,0,,,,,
55,,,Restream,стриминговая платформа,2022-03-06,2022-03-06,2022-03-06,3,true,кинул на деньги,2022-03-06T19:14:07.220Z,2022-03-06T19:14:07.220Z,2022-03-06T22:14:07.205Z,0,0,,,,,
56,,,Fondy,платежная система,2022-03-04,2022-03-04,2022-03-04,3,true,приостановила лицензию,2022-03-06T19:14:07.250Z,2022-03-06T19:14:07.250Z,2022-03-06T22:14:07.235Z,0,0,,,,,
57,,,Qt,,2022-03-01,2022-03-01,2022-03-01,3,true,,2022-03-06T19:14:07.283Z,2022-03-06T19:14:07.283Z,2022-03-06T22:14:07.265Z,0,0,,,,,
58,,,Google,,2022-03-04,2022-03-04,2022-03-04,2,true,,2022-03-06T19:14:07.313Z,2022-03-06T19:14:07.313Z,2022-03-06T22:14:07.298Z,0,0,,,,,
59,Ahrefs.Ru,Ahrefs.Ru,Ahrefs,seo-сервис,2022-03-06,2022-03-06,2022-03-06,3,true,,2022-03-06T19:14:07.343Z,2022-03-06T19:14:07.343Z,2022-03-06T22:14:07.327Z,0,0,,,,,
60,Https://Autoenterprise.Com.Ru/,Https://Autoenterprise.Com.Ru/,Autoenterprise,зарядки и услуги  по электромобилям,2022-03-06,2022-03-06,2022-03-06,3,true,"Имея доступ к системе, обоснованно подозревается в блокировании и взломе зарядных станций для электромобилей на трассе М11 Москва-Петербург. На экранах станций высвечивался традиционный нацистской лозунг СУГС. ",2022-03-06T19:14:07.372Z,2022-03-06T19:14:07.372Z,2022-03-06T22:14:07.357Z,0,0,,,,,
61,,,Netpeak,сео,2022-03-06,2022-03-06,2022-03-06,1,true,,2022-03-06T19:14:07.402Z,2022-03-06T19:14:07.402Z,2022-03-06T22:14:07.387Z,0,0,,,,,
62,Https://Www.Mailerlite.Com/,Https://Www.Mailerlite.Com/,Mailerlite,почтовый сервис,2022-03-06,2022-03-06,2022-03-06,1,true,,2022-03-06T19:14:07.433Z,2022-03-06T19:14:07.433Z,2022-03-06T22:14:07.417Z,0,0,,,,,
63,Https://Cityhost.Ua/,Https://Cityhost.Ua/,Cityhost,хостинг,2022-03-06,2022-03-06,2022-03-06,3,true,кинул пользователей,2022-03-06T19:14:07.465Z,2022-03-06T19:14:07.465Z,2022-03-06T22:14:07.449Z,0,0,,,,,
64,Https://Www.Hostinger.Ru/Ru,Https://Www.Hostinger.Ru/Ru,Hostinger,хостинг,2022-03-06,2022-03-06,2022-03-06,3,true,кинул пользователей,2022-03-06T19:14:07.496Z,2022-03-06T19:14:07.496Z,2022-03-06T22:14:07.480Z,0,0,,,,,
65,Https://Www.Ding.Com/,Https://Www.Ding.Com/,Ding,сервис пополнения мобильного счета,2022-03-06,2022-03-06,2022-03-06,1,true,заблокирован в рф,2022-03-06T19:14:07.527Z,2022-03-06T19:14:07.527Z,2022-03-06T22:14:07.510Z,0,0,,,,,
66,Екаталог И Magazilla,Екаталог И Magazilla,Nadavi.Net,,2022-03-06,2022-03-06,2022-03-06,3,true,тут и так все всё знают,2022-03-06T19:14:07.558Z,2022-03-06T19:14:07.558Z,2022-03-06T22:14:07.543Z,0,0,,,,,
67,Https://Www.Sas.Com/Ru_Ru/Home.Html,Https://Www.Sas.Com/Ru_Ru/Home.Html,Sas Institute,по для аналитики,2022-03-05,2022-03-05,2022-03-05,1,true,,2022-03-06T19:14:07.587Z,2022-03-06T19:14:07.587Z,2022-03-06T22:14:07.572Z,0,0,,,,,
68,Https://Macpaw.Com/,Https://Macpaw.Com/,Macpaw,по для мака,2022-03-06,2022-03-06,2022-03-06,1,true,,2022-03-06T19:14:07.616Z,2022-03-06T19:14:07.616Z,2022-03-06T22:14:07.602Z,0,0,,,,,
69,Bp,Bp,Bp,нефтегазовая компания,2022-02-27,2022-02-27,2022-02-27,1,true,,2022-03-06T19:14:07.647Z,2022-03-06T19:14:07.647Z,2022-03-06T22:14:07.632Z,0,0,,,,,
70,Shell,Shell,Royal Dutch Shell,британско-нидерландская нефтегазовая компания,2022-02-28,2022-02-28,2022-02-28,1,true,,2022-03-06T19:14:07.677Z,2022-03-06T19:14:07.677Z,2022-03-06T22:14:07.661Z,0,0,,,,,
71,Exxonmobil,Exxonmobil,Exxonmobil,нефтедобывающая компания из США,2022-03-01,2022-03-01,2022-03-01,1,true,,2022-03-06T19:14:07.708Z,2022-03-06T19:14:07.708Z,2022-03-06T22:14:07.692Z,0,0,,,,,
72,Equinor,Equinor,Equinor,норвержская нефтедобывающая компания,2022-02-28,2022-02-28,2022-02-28,1,true,,2022-03-06T19:14:07.737Z,2022-03-06T19:14:07.737Z,2022-03-06T22:14:07.722Z,0,0,,,,,
73,Kinross Gold,Kinross Gold,Kinross Gold,канадская золотодобывающая компания,2022-03-03,2022-03-03,2022-03-03,1,true,,2022-03-06T19:14:07.767Z,2022-03-06T19:14:07.767Z,2022-03-06T22:14:07.751Z,0,0,,,,,
74,Omv,Omv,Omv," австрийская нефтяная компания",2022-03-01,2022-03-01,2022-03-01,1,true,,2022-03-06T19:14:07.796Z,2022-03-06T19:14:07.796Z,2022-03-06T22:14:07.782Z,0,0,,,,,
75,Hitachi,Hitachi,"Hitachi Construction Machinery Co., Ltd",финансово-промышленная группа японских компаний,2022-03-04,2022-03-04,2022-03-04,1,true,,2022-03-06T19:14:07.825Z,2022-03-06T19:14:07.825Z,2022-03-06T22:14:07.810Z,0,0,,,,,
76,Komatsu,Komatsu,Komatsu Limited,"японская транснациональная корпорация, которая производит строительное, горнодобывающее, лесное и военное оборудование",2022-03-04,2022-03-04,2022-03-04,1,true,,2022-03-06T19:14:07.857Z,2022-03-06T19:14:07.857Z,2022-03-06T22:14:07.839Z,0,0,,,,,
77,Rolls-Royce,Rolls-Royce,Bmw Ag,автопроизводитель,2022-03-04,2022-03-04,2022-03-04,1,true,,2022-03-06T19:14:07.886Z,2022-03-06T19:14:07.886Z,2022-03-06T22:14:07.871Z,0,0,,,,,
78,Honda,Honda,"Honda Motor Co., Ltd",автопроизводитель,2022-03-02,2022-03-02,2022-03-02,1,true,уходит еще с 2020,2022-03-06T19:14:07.915Z,2022-03-06T19:14:07.915Z,2022-03-06T22:14:07.900Z,0,0,,,,,
79,Mazda,Mazda,Mazda Motor Corporation,автопроизводитель,2022-03-02,2022-03-02,2022-03-02,1,true,,2022-03-06T19:14:07.945Z,2022-03-06T19:14:07.945Z,2022-03-06T22:14:07.930Z,0,0,,,,,
80,"Man,Audi, Skoda, Porsche","Man,Audi, Skoda, Porsche",Volkswagen,производитель автотранспорта,2022-03-02,2022-03-02,2022-03-02,1,true,,2022-03-06T19:14:07.974Z,2022-03-06T19:14:07.974Z,2022-03-06T22:14:07.960Z,0,0,,,,,
81,Audi,Audi,Audi,производитель автотранспорта,2022-02-24,2022-02-24,2022-02-24,1,true,,2022-03-06T19:14:08.003Z,2022-03-06T19:14:08.003Z,2022-03-06T22:14:07.988Z,0,0,,,,,
82,Bmw,Bmw,Bmw Group,производитель автотранспорта,2022-03-02,2022-03-02,2022-03-02,1,true,,2022-03-06T19:14:08.033Z,2022-03-06T19:14:08.033Z,2022-03-06T22:14:08.018Z,0,0,,,,,
83,Ford,Ford,Ford Motors,производитель автотранспорта,2022-03-02,2022-03-02,2022-03-02,1,true,,2022-03-06T19:14:08.062Z,2022-03-06T19:14:08.062Z,2022-03-06T22:14:08.047Z,0,0,,,,,
84,Chevrolet,Chevrolet,General Motors,производитель автотранспорта,2022-03-01,2022-03-01,2022-03-01,1,true,,2022-03-06T19:14:08.091Z,2022-03-06T19:14:08.091Z,2022-03-06T22:14:08.076Z,0,0,,,,,
85,Airbus,Airbus,Airbus,авиаконцерн,2022-03-02,2022-03-02,2022-03-02,1,true,,2022-03-06T19:14:08.122Z,2022-03-06T19:14:08.122Z,2022-03-06T22:14:08.106Z,0,0,,,,,
86,Boeing,Boeing,Boeing,авиаконцерн,2022-03-02,2022-03-02,2022-03-02,1,true,,2022-03-06T19:14:08.151Z,2022-03-06T19:14:08.151Z,2022-03-06T22:14:08.136Z,0,0,,,,,
87,"Jaguar ,Land Rover","Jaguar ,Land Rover",Jaguar Land Rover,производитель автотранспорта,2022-03-01,2022-03-01,2022-03-01,1,true,,2022-03-06T19:14:08.182Z,2022-03-06T19:14:08.182Z,2022-03-06T22:14:08.167Z,0,0,,,,,
88,Harley-Davidson,Harley-Davidson,Harley-Davidson,производитель автотранспорта,2022-03-01,2022-03-01,2022-03-01,1,true,,2022-03-06T19:14:08.215Z,2022-03-06T19:14:08.215Z,2022-03-06T22:14:08.198Z,0,0,,,,,
89,Mercedes,Mercedes,Mercedes,производитель автотранспорта,2022-03-03,2022-03-03,2022-03-03,1,true,,2022-03-06T19:14:08.246Z,2022-03-06T19:14:08.246Z,2022-03-06T22:14:08.230Z,0,0,,,,,
90,Suzuki,Suzuki,Suzuki Motor Corporation,производитель автотранспорта,2022-03-03,2022-03-03,2022-03-03,1,true,,2022-03-06T19:14:08.274Z,2022-03-06T19:14:08.274Z,2022-03-06T22:14:08.260Z,0,0,,,,,
91,Embraer,Embraer,Embraer,авиаконцерн,2022-03-03,2022-03-03,2022-03-03,1,true,,2022-03-06T19:14:08.304Z,2022-03-06T19:14:08.304Z,2022-03-06T22:14:08.289Z,0,0,,,,,
92,"Paypal ","Paypal ",Paypal,"PayPal — крупнейшая дебетовая электронная платежная система, позволяет пользователю оплачивать покупки и отправлять деньги, не раскрывая данных банковской карты или другой личной информации. Основана в 1998 году в США, ежегодно обрабатывает более 4 млрд операций и насчитывает более 200 млн пользователей по всему миру.

Подробнее на РБК:
https://www.rbc.ru/finances/05/03/2022/622313a29a794775d1a6bdb0",2022-03-03,2022-03-03,2022-03-03,1,true,"3 марта запрет регистрации
5 марта нет доступа на сервис",2022-03-06T19:14:08.333Z,2022-03-06T19:14:08.333Z,2022-03-06T22:14:08.319Z,0,0,,,,,
93,Mastercard,Mastercard,Mastercard Inc,платёжная система,2022-03-06,2022-03-06,2022-03-06,3,true,сегментирована,2022-03-06T19:14:08.365Z,2022-03-06T19:14:08.365Z,2022-03-06T22:14:08.350Z,0,0,,,,,
94,Paysera,Paysera,Paysera,платежная система Литвы,2022-02-23,2022-02-23,2022-02-23,1,true,предупредили и дали 60 дней на вывод,2022-03-06T19:14:08.395Z,2022-03-06T19:14:08.395Z,2022-03-06T22:14:08.380Z,0,0,,,,,
95,Visa,Visa,Visa,платёжная система,2022-03-01,2022-03-01,2022-03-01,3,true,сегментирована,2022-03-06T19:14:08.424Z,2022-03-06T19:14:08.424Z,2022-03-06T22:14:08.409Z,0,0,,,,,
96,,,Bank Of Georgia (Грузия),банк,2022-03-05,2022-03-05,2022-03-05,3,true,,2022-03-06T19:14:08.454Z,2022-03-06T19:14:08.454Z,2022-03-06T22:14:08.438Z,0,0,,,,,
97,,,American Express,финансовая компания,2022-03-02,2022-03-02,2022-03-02,1,true,,2022-03-06T19:14:08.484Z,2022-03-06T19:14:08.484Z,2022-03-06T22:14:08.469Z,0,0,,,,,
98,Btc-Alpha,Btc-Alpha,Btc-Alpha,криптобиржаa,2022-02-24,2022-02-24,2022-02-24,2,true,,2022-03-06T19:14:08.513Z,2022-03-06T19:14:08.513Z,2022-03-06T22:14:08.498Z,0,0,,,,,
99,Kuna,Kuna,Kuna,криптобиржаa,2022-02-26,2022-02-26,2022-02-26,3,true,,2022-03-06T19:14:08.543Z,2022-03-06T19:14:08.543Z,2022-03-06T22:14:08.527Z,0,0,,,,,
100,Cex Io,Cex Io,Cex Io,криптобиржаa,2022-02-27,2022-02-27,2022-02-27,1,true,,2022-03-06T19:14:08.618Z,2022-03-06T19:14:08.618Z,2022-03-06T22:14:08.586Z,0,0,,,,,
101,Qmall,Qmall,Qmall,криптобиржаa,2022-02-27,2022-02-27,2022-02-27,3,true,,2022-03-06T19:14:08.650Z,2022-03-06T19:14:08.650Z,2022-03-06T22:14:08.633Z,0,0,,,,,
102,Dmarket,Dmarket,Dmarket,маркетплейс,2022-02-27,2022-02-27,2022-02-27,3,true,,2022-03-06T19:14:08.681Z,2022-03-06T19:14:08.681Z,2022-03-06T22:14:08.666Z,0,0,,,,,
103,Fedex,Fedex,Fedex Corporation,"компания, предоставляющая почтовые, курьерские и другие услуги логистики по всему миру",2022-02-24,2022-02-24,2022-02-24,2,true,посылки зависли,2022-03-06T19:14:08.710Z,2022-03-06T19:14:08.710Z,2022-03-06T22:14:08.695Z,0,0,,,,,
104,Ups,Ups,"United Parcel Service, Inc","компания, специализирующаяся на экспресс-доставке и логистике",2022-02-27,2022-02-27,2022-02-27,1,true,постараются доставить посылки или вернуть,2022-03-06T19:14:08.740Z,2022-03-06T19:14:08.740Z,2022-03-06T22:14:08.724Z,0,0,,,,,
105,Maersk,Maersk,Maersk,крупнейший контейнерный перевозчик,2022-03-04,2022-03-04,2022-03-04,3,true,,2022-03-06T19:14:08.770Z,2022-03-06T19:14:08.770Z,2022-03-06T22:14:08.755Z,0,0,,,,,
106,Cma Cgm,Cma Cgm,Cma Cgm Group,топ4 контейнерный перевозчик,2022-03-01,2022-03-01,2022-03-01,1,true,,2022-03-06T19:14:08.805Z,2022-03-06T19:14:08.805Z,2022-03-06T22:14:08.787Z,0,0,,,,,
107,Https://Joinposter.Com/,Https://Joinposter.Com/,Poster,"Облачный сервис для автоматизации кафе, ресторана или маленького магазина на планшете.",2022-03-06,2022-03-06,2022-03-06,1,true,"Запретили использование для пользователей из РФ и РБ,",2022-03-06T19:14:08.840Z,2022-03-06T19:14:08.840Z,2022-03-06T22:14:08.824Z,0,0,,,,,
108,"Zara, Massimo Dutti, Bershka, Oysho, Pull & Bear, Stradivarius","Zara, Massimo Dutti, Bershka, Oysho, Pull & Bear, Stradivarius",Inditex,"Inditex S.A., «Индитекс» — испанская компания, владелец крупных сетей магазинов, мировой лидер в сфере розничной торговли одеждой. Полное наименование — Industria de Diseño Textil Sociedad Anónima. Штаб-квартира — в городе Артейхо. Держателем контрольного пакета акций остаётся основатель компании Амансио Ортега",2022-03-05,2022-03-05,2022-03-05,1,true,,2022-03-06T19:14:08.873Z,2022-03-06T19:14:08.873Z,2022-03-06T22:14:08.857Z,0,0,,,,,
109,"Gucci, Balenciaga, Yves Saint Laurent","Gucci, Balenciaga, Yves Saint Laurent",Kering,,2022-03-04,2022-03-04,2022-03-04,1,true,поддержит сотрудников,2022-03-06T19:14:08.903Z,2022-03-06T19:14:08.903Z,2022-03-06T22:14:08.888Z,0,0,,,,,
110,Lvmh,Lvmh,Lvmh,роскошь,2022-03-04,2022-03-04,2022-03-04,1,true,,2022-03-06T19:14:08.936Z,2022-03-06T19:14:08.936Z,2022-03-06T22:14:08.920Z,0,0,,,,,
111,Hermes,Hermes,Hermes,роскошь,2022-03-04,2022-03-04,2022-03-04,1,true,,2022-03-06T19:14:08.969Z,2022-03-06T19:14:08.969Z,2022-03-06T22:14:08.953Z,0,0,,,,,
112,Chanel,Chanel,Chanel,роскошь,2022-03-04,2022-03-04,2022-03-04,1,true,,2022-03-06T19:14:09.001Z,2022-03-06T19:14:09.001Z,2022-03-06T22:14:08.986Z,0,0,,,,,
113,Cartier.,Cartier.,Cartier,роскошь,2022-03-04,2022-03-04,2022-03-04,1,true,,2022-03-06T19:14:09.034Z,2022-03-06T19:14:09.034Z,2022-03-06T22:14:09.018Z,0,0,,,,,
114,"Dunhill, Jaeger-Lecoultre, Montblanc, Piaget, Van Cleef & Arpels","Dunhill, Jaeger-Lecoultre, Montblanc, Piaget, Van Cleef & Arpels",Richemont,роскошь,2022-03-04,2022-03-04,2022-03-04,1,true,,2022-03-06T19:14:09.064Z,2022-03-06T19:14:09.064Z,2022-03-06T22:14:09.049Z,0,0,,,,,
115,"Украинская It-Компания, Владелец Tiu.Ru, Prom.Ua, Deal.By, Stuz.Kz, Rozetka Travel И Других Торговых Сервисов.","Украинская It-Компания, Владелец Tiu.Ru, Prom.Ua, Deal.By, Stuz.Kz, Rozetka Travel И Других Торговых Сервисов.",Evo,маркетплейс и конструктор сайтов,2022-03-01,2022-03-01,2022-03-01,3,true,,2022-03-06T19:14:09.096Z,2022-03-06T19:14:09.096Z,2022-03-06T22:14:09.079Z,0,0,,,,,
116,E-Katalog,E-Katalog,E-Katalog,мркетплейс,2022-03-28,2022-03-28,2022-03-28,3,true,,2022-03-06T19:14:09.126Z,2022-03-06T19:14:09.126Z,2022-03-06T22:14:09.110Z,0,0,,,,,
117,Ebay,Ebay,Ebay Inc.,маркетплей,2022-03-05,2022-03-05,2022-03-05,2,true,,2022-03-06T19:14:09.155Z,2022-03-06T19:14:09.155Z,2022-03-06T22:14:09.140Z,0,0,,,,,
118,,,Asos,Британский онлайн-магазин одежды и косметики,2022-03-02,2022-03-02,2022-03-02,1,true,,2022-03-06T19:14:09.185Z,2022-03-06T19:14:09.185Z,2022-03-06T22:14:09.170Z,0,0,,,,,
119,Plzensky Prazdroj,Plzensky Prazdroj,Plzensky Prazdroj,производитель пива,2022-03-02,2022-03-02,2022-03-02,1,true,,2022-03-06T19:14:09.215Z,2022-03-06T19:14:09.215Z,2022-03-06T22:14:09.199Z,0,0,,,,,
120,Staropramen,Staropramen,Staropramen,производитель пива,2022-03-02,2022-03-02,2022-03-02,1,true,,2022-03-06T19:14:09.245Z,2022-03-06T19:14:09.245Z,2022-03-06T22:14:09.229Z,0,0,,,,,
121,Budejovicky Budvar,Budejovicky Budvar,Budejovicky Budvar,производитель пива,2022-03-02,2022-03-02,2022-03-02,1,true,,2022-03-06T19:14:09.275Z,2022-03-06T19:14:09.275Z,2022-03-06T22:14:09.259Z,0,0,,,,,
122,Bernard,Bernard,Bernard,производитель пива,2022-03-02,2022-03-02,2022-03-02,1,true,,2022-03-06T19:14:09.307Z,2022-03-06T19:14:09.307Z,2022-03-06T22:14:09.289Z,0,0,,,,,
123,Adidas,Adidas,Adidas Ag,"немецкая транснациональная компания по производству спортивной одежды, обуви и аксессуаров",2022-03-01,2022-03-01,2022-03-01,1,true,,2022-03-06T19:14:09.336Z,2022-03-06T19:14:09.336Z,2022-03-06T22:14:09.321Z,0,0,,,,,
124,Nike,Nike,"Nike, Inc.","американская транснациональная компания, специализирующаяся на спортивной одежде и обуви",2022-03-01,2022-03-01,2022-03-01,1,true,,2022-03-06T19:14:09.365Z,2022-03-06T19:14:09.365Z,2022-03-06T22:14:09.350Z,0,0,,,,,
125,Iherb,Iherb,Iherb,магазин по торговле БАДами,2022-03-02,2022-03-02,2022-03-02,1,true,,2022-03-06T19:14:09.397Z,2022-03-06T19:14:09.397Z,2022-03-06T22:14:09.381Z,0,0,,,,,
126,"Smirnoff, Black Label, Johnnie Walker, J&B, Guinness, Baileys, Captain Morgan, Gordon'S ","Smirnoff, Black Label, Johnnie Walker, J&B, Guinness, Baileys, Captain Morgan, Gordon'S ",Diageo,производитель алкоголя,2022-03-03,2022-03-03,2022-03-03,1,true,,2022-03-06T19:14:09.427Z,2022-03-06T19:14:09.427Z,2022-03-06T22:14:09.412Z,0,0,,,,,
127,Marks & Spencer,Marks & Spencer,Fiba Group,британский ритейлер,2022-03-03,2022-03-03,2022-03-03,1,true,,2022-03-06T19:14:09.457Z,2022-03-06T19:14:09.457Z,2022-03-06T22:14:09.442Z,0,0,,,,,
128,Puma,Puma,Puma Se,"специализируется на выпуске спортивной обуви, одежды, инвентаря и парфюмерии",2022-03-02,2022-03-02,2022-03-02,1,true,,2022-03-06T19:14:09.486Z,2022-03-06T19:14:09.486Z,2022-03-06T22:14:09.471Z,0,0,,,,,
129,Accenture,Accenture,Accenture," консалтинговая компания из Ирландии",2022-03-03,2022-03-03,2022-03-03,1,true,,2022-03-06T19:14:09.514Z,2022-03-06T19:14:09.514Z,2022-03-06T22:14:09.500Z,0,0,,,,,
130,Gsmserver,Gsmserver,Gsmserver,"Один из крупнейших магазинов по продаже программаторов, активаций, кредитов, и многого другого",2022-02-24,2022-02-24,2022-02-24,1,true,,2022-03-06T19:14:09.543Z,2022-03-06T19:14:09.543Z,2022-03-06T22:14:09.528Z,0,0,,,,,
131,Medusabox.Com,Medusabox.Com,Medusabox.Com,"программаторы,адаптеры,Кабели",2022-03-06,2022-03-06,2022-03-06,1,true,,2022-03-06T19:14:09.601Z,2022-03-06T19:14:09.601Z,2022-03-06T22:14:09.585Z,0,0,,,,,
132,Prada,Prada,Prada,"итальянский производитель модной одежды, обуви и аксессуаров",2022-03-05,2022-03-05,2022-03-05,1,true,,2022-03-06T19:14:09.631Z,2022-03-06T19:14:09.631Z,2022-03-06T22:14:09.615Z,0,0,,,,,
133,Deezer,Deezer,Deezer,"Музыкальный стриминговый сервис ",2022-03-04,2022-03-04,2022-03-04,1,true,,2022-03-06T19:14:09.664Z,2022-03-06T19:14:09.664Z,2022-03-06T22:14:09.649Z,0,0,,,,,
134,Coursera,Coursera,Coursera,Сервис с онлайн курсами,2022-03-04,2022-03-04,2022-03-04,3,true,,2022-03-06T19:14:09.693Z,2022-03-06T19:14:09.693Z,2022-03-06T22:14:09.678Z,0,0,,,,,
135,Booking Com,Booking Com,The Priceline Group,система интернет-бронирования отелей,2022-03-04,2022-03-04,2022-03-04,1,true,,2022-03-06T19:14:09.725Z,2022-03-06T19:14:09.725Z,2022-03-06T22:14:09.709Z,0,0,,,,,
136,Airbnb,Airbnb,Airbnb,онлайн-площадка для размещения и поиска краткосрочной аренды частного жилья по всему миру,2022-03-04,2022-03-04,2022-03-04,1,true,,2022-03-06T19:14:09.754Z,2022-03-06T19:14:09.754Z,2022-03-06T22:14:09.739Z,0,0,,,,,
137,Ea,Ea,Electronic Arts,разработчик игр,2022-03-02,2022-03-02,2022-03-02,1,true,решили убрать ру комманды из fifa,2022-03-06T19:14:09.783Z,2022-03-06T19:14:09.783Z,2022-03-06T22:14:09.768Z,0,0,,,,,
138,Cd Projekt Red,Cd Projekt Red,Cd Projekt Red,разработчик игр,2022-03-03,2022-03-03,2022-03-03,1,true,,2022-03-06T19:14:09.815Z,2022-03-06T19:14:09.815Z,2022-03-06T22:14:09.800Z,0,0,,,,,
139,Steam,Steam,Valve,маркетплейс и разработка игр,2022-03-03,2022-03-03,2022-03-03,1,true,запрет оплаты с ру счетов,2022-03-06T19:14:10.073Z,2022-03-06T19:14:10.073Z,2022-03-06T22:14:10.057Z,0,0,,,,,
140,Gog.Com,Gog.Com,Gog,маркетплейс,2022-03-02,2022-03-02,2022-03-02,1,true,перестал обрабатывать платежи в рублях — всё из-за нестабильного курса российской валюты. Региональные цены при этом сохранились,2022-03-06T19:14:10.104Z,2022-03-06T19:14:10.104Z,2022-03-06T22:14:10.089Z,0,0,,,,,
141,Ps Store,Ps Store,Playstation,маркетплейс и разработка игр,2022-03-02,2022-03-02,2022-03-02,2,true,,2022-03-06T19:14:10.134Z,2022-03-06T19:14:10.134Z,2022-03-06T22:14:10.119Z,0,0,,,,,
142,,,"Activision Blizzard, Inc",разработчик игр,2022-03-04,2022-03-04,2022-03-04,1,true,,2022-03-06T19:14:10.163Z,2022-03-06T19:14:10.163Z,2022-03-06T22:14:10.148Z,0,0,,,,,
143,"Mario, Donkey Kong, The Legend Of Zelda, Pokémon, Kirby, Metroid, Fire Emblem, Animal Crossing, Splatoon, Star Fox, Xenoblade Chronicles И Super Smash Bro","Mario, Donkey Kong, The Legend Of Zelda, Pokémon, Kirby, Metroid, Fire Emblem, Animal Crossing, Splatoon, Star Fox, Xenoblade Chronicles И Super Smash Bro",Nintendo,разработчик игр,2022-03-02,2022-03-02,2022-03-02,1,true,,2022-03-06T19:14:10.193Z,2022-03-06T19:14:10.193Z,2022-03-06T22:14:10.179Z,0,0,,,,,
144,"Grand Theft Auto, Midnight Club, Max Payne, Manhunt И Red Dead","Grand Theft Auto, Midnight Club, Max Payne, Manhunt И Red Dead",Rockstar Games,разработчик игр,2022-03-05,2022-03-05,2022-03-05,1,true,,2022-03-06T19:14:10.222Z,2022-03-06T19:14:10.222Z,2022-03-06T22:14:10.208Z,0,0,,,,,
145,,,Disney,киноконцерн,2022-02-28,2022-02-28,2022-02-28,1,true,,2022-03-06T19:14:10.251Z,2022-03-06T19:14:10.251Z,2022-03-06T22:14:10.236Z,0,0,,,,,
146,,,"Warner Bros. Entertainment, Inc",киноконцерн,2022-03-01,2022-03-01,2022-03-01,1,true,,2022-03-06T19:14:10.281Z,2022-03-06T19:14:10.281Z,2022-03-06T22:14:10.265Z,0,0,,,,,
147,,,Paramount Pictures,кинокомпания,2022-03-01,2022-03-01,2022-03-01,1,true,,2022-03-06T19:14:10.310Z,2022-03-06T19:14:10.310Z,2022-03-06T22:14:10.296Z,0,0,,,,,
148," Universal"," Universal",Universal Pictures,кинокомпания,2022-03-02,2022-03-02,2022-03-02,1,true,,2022-03-06T19:14:10.340Z,2022-03-06T19:14:10.340Z,2022-03-06T22:14:10.326Z,0,0,,,,,
149,,,Sony,кинокомпания,2022-03-01,2022-03-01,2022-03-01,1,true,,2022-03-06T19:14:10.368Z,2022-03-06T19:14:10.368Z,2022-03-06T22:14:10.354Z,0,0,,,,,
150,,,Евровидение,это что-то,2022-02-25,2022-02-25,2022-02-25,1,true,,2022-03-06T19:14:10.397Z,2022-03-06T19:14:10.397Z,2022-03-06T22:14:10.382Z,0,0,,,,,
151,,,Megogo,онлайн-кинотеатр,2022-03-01,2022-03-01,2022-03-01,1,true,,2022-03-06T19:14:10.426Z,2022-03-06T19:14:10.426Z,2022-03-06T22:14:10.411Z,0,0,,,,,
152,,,Esl,Киберспортивная организация,2022-03-02,2022-03-02,2022-03-02,1,true,,2022-03-06T19:14:10.454Z,2022-03-06T19:14:10.454Z,2022-03-06T22:14:10.440Z,0,0,,,,,
153,,,Storytel,онлайн-сервис аудиокниг,2022-03-04,2022-03-04,2022-03-04,1,true,,2022-03-06T19:14:10.485Z,2022-03-06T19:14:10.485Z,2022-03-06T22:14:10.469Z,0,0,,,,,
154,,,Bbc,телекомпания,2022-03-01,2022-03-01,2022-03-01,1,true,,2022-03-06T19:14:10.517Z,2022-03-06T19:14:10.517Z,2022-03-06T22:14:10.502Z,0,0,,,,,
155,Ninja Sushi,Ninja Sushi,Ninja Sushi,суши,2022-03-01,2022-03-01,2022-03-01,1,true,МОСКВА ОТПОЧКОВАЛАСЬ  https://prnt.sc/tfZIumQ4AuSi,2022-03-06T19:14:10.547Z,2022-03-06T19:14:10.547Z,2022-03-06T22:14:10.531Z,0,0,,,,,
156,,,Cannes Film Festival,Французский ежегодный кинематографический фестиваль.,2022-03-02,2022-03-02,2022-03-02,1,true,,2022-03-06T19:14:10.579Z,2022-03-06T19:14:10.579Z,2022-03-06T22:14:10.563Z,0,0,,,,,
157,,,Kevuru Games,разработчики игр,2022-03-06,2022-03-06,2022-03-06,3,true,,2022-03-06T19:14:10.611Z,2022-03-06T19:14:10.611Z,2022-03-06T22:14:10.595Z,0,0,,,,,
158,,,Oncoalert,"Международная организация онкологов ",2022-03-02,2022-03-02,2022-03-02,1,true,,2022-03-06T19:14:10.641Z,2022-03-06T19:14:10.641Z,2022-03-06T22:14:10.626Z,0,0,,,,,
159,Skyscanner.Ru,Skyscanner.Ru,Skyscanner,подбор билетов для авиаперелетов,2022-03-06,2022-03-06,2022-03-06,1,true,,2022-03-06T19:14:10.672Z,2022-03-06T19:14:10.672Z,2022-03-06T22:14:10.658Z,0,0,,,,,
160,Marsego,Marsego,Marsego,Магазин одежды,2022-03-02,2022-03-02,2022-03-02,3,true,"просто кинула всех российских клиентов, собрав деньги за заказ и в итоге не отправила заказы, а перечислила на нужды украинской армии. Не забыв при этом полить говном всех русских и всех у кого красный паспорт. (c) pikabu",2022-03-06T19:14:10.702Z,2022-03-06T19:14:10.702Z,2022-03-06T22:14:10.687Z,0,0,,,,,
161,Hostkoss.Com,Hostkoss.Com,Hostkoss,хостинг,2022-03-01,2022-03-01,2022-03-01,3,true,,2022-03-06T19:14:10.732Z,2022-03-06T19:14:10.732Z,2022-03-06T22:14:10.717Z,0,0,,,,,
162,,,Centr,Совет европейских национальных реестров доменов верхнего уровня,2022-03-01,2022-03-01,2022-03-01,3,true,,2022-03-06T19:14:10.763Z,2022-03-06T19:14:10.763Z,2022-03-06T22:14:10.748Z,0,0,,,,,
163,,,Carlsberg,Датская пивоваренная корпорация.,2022-03-04,2022-03-04,2022-03-04,1,true,,2022-03-06T19:14:10.793Z,2022-03-06T19:14:10.793Z,2022-03-06T22:14:10.779Z,0,0,,,,,
164,,,Dxc Technology,Американский IT компания,2022-03-04,2022-03-04,2022-03-04,1,true,,2022-03-06T19:14:10.824Z,2022-03-06T19:14:10.824Z,2022-03-06T22:14:10.809Z,0,0,,,,,
165,,,Epic Games,американский разрабочик и маркетплейс,2022-03-06,2022-03-06,2022-03-06,1,true,к купленным играм доступ остался,2022-03-06T19:14:10.854Z,2022-03-06T19:14:10.854Z,2022-03-06T22:14:10.838Z,0,0,,,,,
166,,,Esputnik,Украинский разработчик ПО для маркетинга,2022-03-04,2022-03-04,2022-03-04,1,true,,2022-03-06T19:14:10.882Z,2022-03-06T19:14:10.882Z,2022-03-06T22:14:10.868Z,0,0,,,,,
167,"Karl Fazer, Dumle И Geishа","Karl Fazer, Dumle И Geishа",Fazer,Финский производитель кондитерских изделий,2022-03-04,2022-03-04,2022-03-04,1,true,продолжает производство в рф,2022-03-06T19:14:10.912Z,2022-03-06T19:14:10.912Z,2022-03-06T22:14:10.897Z,0,0,,,,,
168,,,Fide,Международная спортивная шахматная организация,2022-02-27,2022-02-27,2022-02-27,1,true,,2022-03-06T19:14:10.943Z,2022-03-06T19:14:10.943Z,2022-03-06T22:14:10.927Z,0,0,,,,,
169,,,Fifa/Uefa,Международная футбольная организация,2022-02-28,2022-02-28,2022-02-28,1,true,,2022-03-06T19:14:10.972Z,2022-03-06T19:14:10.972Z,2022-03-06T22:14:10.957Z,0,0,,,,,
170,,,Formula One Group,Группа компаний-организаторов Чемпионата мира «Формула-1»,2022-02-25,2022-02-25,2022-02-25,1,true,,2022-03-06T19:14:11.001Z,2022-03-06T19:14:11.001Z,2022-03-06T22:14:10.986Z,0,0,,,,,
171,Юнипро,,Fortum,Финская энергокомпания,2022-02-24,2022-02-24,2022-02-24,1,true,,2022-03-06T19:14:11.030Z,2022-03-06T19:14:11.030Z,2022-03-06T22:14:11.015Z,0,0,,,,,
172,,,International Paralympic Committee,организация управляющая паралимпийским движением,2022-03-03,2022-03-03,2022-03-03,1,true,,2022-03-06T19:14:11.059Z,2022-03-06T19:14:11.059Z,2022-03-06T22:14:11.043Z,0,0,,,,,
173,,,Iihf,Международная федерация хоккея на льду.,2022-02-28,2022-02-28,2022-02-28,1,true,,2022-03-06T19:14:11.089Z,2022-03-06T19:14:11.089Z,2022-03-06T22:14:11.073Z,0,0,,,,,
174,,,Hashicorp,Американский разработчик программного обеспечения,2022-03-01,2022-03-01,2022-03-01,3,true,,2022-03-06T19:14:11.119Z,2022-03-06T19:14:11.119Z,2022-03-06T22:14:11.104Z,0,0,,,,,
175,,,Host Tracker,Украинский сервис сетевого мониторинга,2022-03-02,2022-03-02,2022-03-02,1,true,,2022-03-06T19:14:11.148Z,2022-03-06T19:14:11.148Z,2022-03-06T22:14:11.133Z,0,0,,,,,
176,Нхл,,Nhl,Спортивная организация объединяющая хоккейные клубы США и Канады,2022-02-28,2022-02-28,2022-02-28,1,true,,2022-03-06T19:14:11.181Z,2022-03-06T19:14:11.181Z,2022-03-06T22:14:11.166Z,0,0,,,,,
177,,,Microsoft,американский разработчик ПО,2022-03-04,2022-03-04,2022-03-04,1,true,,2022-03-06T19:14:11.211Z,2022-03-06T19:14:11.211Z,2022-03-06T22:14:11.196Z,0,0,,,,,
178,,,Michelin,Французский гастрономический гид,2022-03-04,2022-03-04,2022-03-04,1,true,,2022-03-06T19:14:11.240Z,2022-03-06T19:14:11.240Z,2022-03-06T22:14:11.225Z,0,0,,,,,
179,,,Lokalise,Латвийский разработчик системы управления переводами,2022-03-02,2022-03-02,2022-03-02,3,true,заблокировал аккаунты,2022-03-06T19:14:11.271Z,2022-03-06T19:14:11.271Z,2022-03-06T22:14:11.256Z,0,0,,,,,
180,,,Weplay,Украинский организатор кибеспортивных соревнований,2022-02-26,2022-02-26,2022-02-26,1,true,,2022-03-06T19:14:11.300Z,2022-03-06T19:14:11.300Z,2022-03-06T22:14:11.285Z,0,0,,,,,
181,,,World Curling Federation,Международная федерация керлинга,2022-02-25,2022-02-25,2022-02-25,1,true,,2022-03-06T19:14:11.329Z,2022-03-06T19:14:11.329Z,2022-03-06T22:14:11.314Z,0,0,,,,,
182,,,Vyos,Разработчик ПО из Испании,2022-02-27,2022-02-27,2022-02-27,1,true,,2022-03-06T19:14:11.358Z,2022-03-06T19:14:11.358Z,2022-03-06T22:14:11.343Z,0,0,,,,,
183,,,Zahid.Host,,2022-03-04,2022-03-04,2022-03-04,1,true,хостинг здорового человека,2022-03-06T19:14:11.393Z,2022-03-06T19:14:11.393Z,2022-03-06T22:14:11.377Z,0,0,,,,,
184,,,Peak Design,производитель сумок для фотокамер и аксессуаров из США,2022-03-04,2022-03-04,2022-03-04,1,true,,2022-03-06T19:14:11.423Z,2022-03-06T19:14:11.423Z,2022-03-06T22:14:11.407Z,0,0,,,,,
185,"https://helpcrunch.com ","https://helpcrunch.com ",Helpcrunch,"инструменты для наполнения сайта,Украина",2022-03-04,2022-03-04,2022-03-04,3,true,украли деньги,2022-03-06T19:14:11.452Z,2022-03-06T19:14:11.452Z,2022-03-06T22:14:11.437Z,0,0,,,,,
186,,,AdsKeeper,платформа для монетизации сайтов,2022-03-02,2022-03-02,2022-03-02,3,true,украли деньги,2022-03-06T19:14:11.482Z,2022-03-06T19:14:11.482Z,2022-03-06T22:14:11.466Z,0,0,,,,,
187,,,zola cosmetics,"бренд косметической продукции,Украина",2022-03-01,2022-03-01,2022-03-01,3,true,личные сообщения. украли деньги,2022-03-06T19:14:11.519Z,2022-03-06T19:14:11.519Z,2022-03-06T22:14:11.500Z,0,0,,,,,